<?xml version="1.0" encoding="UTF-8"?>
<beans xmlns="http://www.springframework.org/schema/beans"
	   xmlns:xsi="http://www.w3.org/2001/XMLSchema-instance"
 	   xmlns:util="http://www.springframework.org/schema/util"
 	   xsi:schemaLocation="http://www.springframework.org/schema/beans
		http://www.springframework.org/schema/beans/spring-beans.xsd
		http://www.springframework.org/schema/util
		http://www.springframework.org/schema/util/spring-util-4.3.xsd">
<bean class="com.dependencyInjection.Employee" name="employee1">
	<property name="employeeid"><value>1239</value></property>
	<property name="employeeName"><value>Shiva Palakurthy</value></property>
	<property name="employeeAddress"><value>"Warangal"</value></property>
</bean>
<bean class="com.dependencyInjection.Employee" name="emp">
<constructor-arg value="1234" type="int"></constructor-arg>
<constructor-arg value="Surendra" type="String"></constructor-arg>
<constructor-arg value="Dharmavaram" type="String"></constructor-arg>
</bean>
</beans>